-- 插入设备数据
INSERT INTO Equipment (RoomID, EquipmentName, Quantity) VALUES
(1, '投影仪', 1), (1, '音响系统', 1), (1, '电子白板', 1),
(2, '投影仪', 1), (2, '音响系统', 1), (2, '视频会议系统', 1),
(3, '电子白板', 1), (3, '音响系统', 1),
(4, '电子白板', 1),
(5, '投影仪', 1), (5, '视频会议系统', 1),
(6, '视频会议系统', 1),
(9, '视频会议系统', 1),
(10, '视频会议系统', 1), (10, '屏幕共享系统', 1),
(11, '投影仪', 1),
(12, '白板', 2),
(13, '视频会议系统', 1);

-- 插入预订数据
INSERT INTO Booking (RoomID, UserID, StartTime, EndTime, Status, Title, Purpose, Attendees) VALUES
(1, 4, '2025-06-11 14:00:00', '2025-06-11 16:00:00', 'Confirmed', '定期团队会议', '讨论当前项目进展和问题', 6),
(2, 5, '2025-06-12 09:00:00', '2025-06-12 12:00:00', 'Confirmed', '客户演示会议', '与重要客户展示新产品功能', 8),
(3, 6, '2025-06-11 10:00:00', '2025-06-11 11:30:00', 'Confirmed', '项目启动会', '新项目启动会议', 6),
(1, 5, '2025-06-13 14:00:00', '2025-06-13 17:00:00', 'Pending', '年中规划会议', '讨论下半年的工作安排', 6),
(4, 6, '2025-06-14 13:00:00', '2025-06-14 15:00:00', 'Confirmed', '部门内部会议', '讨论部门绩效评估', 4),
(11, 8, '2025-06-15 09:00:00', '2025-06-15 11:00:00', 'Confirmed', '远程项目讨论', '讨论新项目需求', 5),
(12, 9, '2025-06-16 14:00:00', '2025-06-16 16:00:00', 'Pending', '创意头脑风暴', '新产品创意收集', 8),
(13, 10, '2025-06-17 09:00:00', '2025-06-17 11:00:00', 'Confirmed', '部门例会', '部门工作安排', 7),
(14, 11, '2025-06-18 14:00:00', '2025-06-18 16:00:00', 'Pending', '技术分享', '新技术交流', 6),
(15, 12, '2025-06-19 09:00:00', '2025-06-19 11:00:00', 'Confirmed', '客户回访', '客户反馈收集', 5),
(16, 13, '2025-06-20 14:00:00', '2025-06-20 16:00:00', 'Confirmed', '季度总结', '季度工作总结', 8),
(17, 14, '2025-06-21 09:00:00', '2025-06-21 11:00:00', 'Pending', '产品评审', '产品功能评审', 9),
(18, 15, '2025-06-22 14:00:00', '2025-06-22 16:00:00', 'Confirmed', '市场分析', '市场调研分析', 6),
(19, 16, '2025-06-23 09:00:00', '2025-06-23 11:00:00', 'Confirmed', '预算讨论', '年度预算讨论', 7),
(20, 17, '2025-06-24 14:00:00', '2025-06-24 16:00:00', 'Pending', '团队建设', '团队活动策划', 10),
(21, 18, '2025-06-25 09:00:00', '2025-06-25 11:00:00', 'Confirmed', '年度规划', '年度目标制定', 8),
(22, 19, '2025-06-26 14:00:00', '2025-06-26 16:00:00', 'Pending', '预算评审', '预算分配讨论', 7),
(23, 20, '2025-06-27 09:00:00', '2025-06-27 11:00:00', 'Confirmed', '招聘面试', '新员工面试', 5),
(24, 21, '2025-06-28 14:00:00', '2025-06-28 16:00:00', 'Confirmed', '供应商洽谈', '供应链合作', 6),
(25, 22, '2025-06-29 09:00:00', '2025-06-29 11:00:00', 'Pending', '安全培训', '年度安全培训', 9),
(26, 23, '2025-06-30 14:00:00', '2025-06-30 16:00:00', 'Confirmed', '绩效考核', '员工绩效考核', 10),
(27, 24, '2025-07-01 09:00:00', '2025-07-01 11:00:00', 'Confirmed', '市场推广', '市场推广计划', 7),
(28, 25, '2025-07-02 14:00:00', '2025-07-02 16:00:00', 'Pending', '产品发布', '新产品发布会', 8),
(29, 26, '2025-07-03 09:00:00', '2025-07-03 11:00:00', 'Confirmed', '客户答谢', '客户答谢活动', 6),
(30, 27, '2025-07-04 14:00:00', '2025-07-04 16:00:00', 'Confirmed', '技术评审', '技术方案评审', 5),
(31, 28, '2025-07-05 09:00:00', '2025-07-05 11:00:00', 'Pending', '年度总结', '年度工作总结', 9),
(32, 29, '2025-07-06 14:00:00', '2025-07-06 16:00:00', 'Confirmed', '团队聚餐', '团队建设聚餐', 10),
(33, 30, '2025-07-07 09:00:00', '2025-07-07 11:00:00', 'Confirmed', '项目验收', '项目最终验收', 8),
(34, 31, '2025-07-08 14:00:00', '2025-07-08 16:00:00', 'Pending', '系统升级', '系统功能升级', 7),
(35, 32, '2025-07-09 09:00:00', '2025-07-09 11:00:00', 'Confirmed', '外部培训', '外部讲师培训', 6),
(36, 33, '2025-07-10 14:00:00', '2025-07-10 16:00:00', 'Confirmed', '内部竞赛', '员工技能竞赛', 5),
(37, 34, '2025-07-11 09:00:00', '2025-07-11 11:00:00', 'Pending', '合作签约', '新合作签约仪式', 9),
(38, 35, '2025-07-12 14:00:00', '2025-07-12 16:00:00', 'Confirmed', '年度表彰', '优秀员工表彰', 10),
(39, 36, '2025-07-13 09:00:00', '2025-07-13 11:00:00', 'Confirmed', '政策宣讲', '新政策宣讲会', 8),
(40, 37, '2025-07-14 14:00:00', '2025-07-14 16:00:00', 'Pending', '节能减排', '节能减排动员', 7);

-- 插入维护记录数据
INSERT INTO Maintenance (RoomID, MaintenanceDate, StartTime, EndTime, Description, Status) VALUES
(1, '2025-06-10', '2025-06-11 09:00:00', '2025-06-11 12:00:00', '定期检查和维护', 'Scheduled'),
(2, '2025-06-15', '2025-06-16 14:00:00', '2025-06-16 17:00:00', '更换投影仪灯泡', 'Scheduled'),
(3, '2025-06-10', '2025-06-11 10:00:00', '2025-06-11 15:00:00', '更新视频会议系统软件', 'Scheduled'),
(11, '2025-06-20', '2025-06-20 09:00:00', '2025-06-20 12:00:00', '远程协作室设备升级', 'Scheduled'),
(12, '2025-06-21', '2025-06-21 13:00:00', '2025-06-21 15:00:00', '头脑风暴区白板更换', 'Scheduled'),
(13, '2025-06-22', '2025-06-22 09:00:00', '2025-06-22 12:00:00', '会议室清洁', 'Scheduled'),
(14, '2025-06-23', '2025-06-23 13:00:00', '2025-06-23 15:00:00', '空调检修', 'Scheduled'),
(15, '2025-06-24', '2025-06-24 09:00:00', '2025-06-24 12:00:00', '照明系统维护', 'Scheduled'),
(16, '2025-06-25', '2025-06-25 13:00:00', '2025-06-25 15:00:00', '门禁系统升级', 'Scheduled'),
(17, '2025-06-26', '2025-06-26 09:00:00', '2025-06-26 12:00:00', '地板翻新', 'Scheduled'),
(18, '2025-06-27', '2025-06-27 13:00:00', '2025-06-27 15:00:00', '墙面粉刷', 'Scheduled'),
(19, '2025-06-28', '2025-06-28 09:00:00', '2025-06-28 12:00:00', '空调清洗', 'Scheduled'),
(20, '2025-06-29', '2025-06-29 13:00:00', '2025-06-29 15:00:00', '消防演练', 'Scheduled'),
(21, '2025-06-30', '2025-06-30 09:00:00', '2025-06-30 12:00:00', '网络布线', 'Scheduled'),
(22, '2025-07-01', '2025-07-01 13:00:00', '2025-07-01 15:00:00', '设备巡检', 'Scheduled'),
(23, '2025-07-02', '2025-07-02 09:00:00', '2025-07-02 12:00:00', '门窗检修', 'Scheduled'),
(24, '2025-07-03', '2025-07-03 13:00:00', '2025-07-03 15:00:00', '地毯更换', 'Scheduled'),
(25, '2025-07-04', '2025-07-04 09:00:00', '2025-07-04 12:00:00', '灯具更换', 'Scheduled'),
(26, '2025-07-05', '2025-07-05 13:00:00', '2025-07-05 15:00:00', '电源检修', 'Scheduled'),
(27, '2025-07-06', '2025-07-06 09:00:00', '2025-07-06 12:00:00', '会议桌维修', 'Scheduled'),
(28, '2025-07-07', '2025-07-07 13:00:00', '2025-07-07 15:00:00', '椅子更换', 'Scheduled'),
(29, '2025-07-08', '2025-07-08 09:00:00', '2025-07-08 12:00:00', '窗帘清洗', 'Scheduled'),
(30, '2025-07-09', '2025-07-09 13:00:00', '2025-07-09 15:00:00', '门锁更换', 'Scheduled'),
(31, '2025-07-10', '2025-07-10 09:00:00', '2025-07-10 12:00:00', '投影仪维护', 'Scheduled'),
(32, '2025-07-11', '2025-07-11 13:00:00', '2025-07-11 15:00:00', '音响系统检修', 'Scheduled'),
(33, '2025-07-12', '2025-07-12 09:00:00', '2025-07-12 12:00:00', '白板更换', 'Scheduled'),
(34, '2025-07-13', '2025-07-13 13:00:00', '2025-07-13 15:00:00', '视频会议系统升级', 'Scheduled');

-- 插入少量日志和通知数据
INSERT INTO Log (UserID, Action, Timestamp, Description, IPAddress) VALUES
(1, '登录', '2025-06-01 08:30:00', '管理员登录成功', '192.168.1.100'),
(1, '新增会议室', '2025-06-01 08:45:00', '添加会议室', '192.168.1.100'),
(8, '登录', '2025-06-10 08:00:00', '普通用户登录', '192.168.1.101'),
(9, '预订会议室', '2025-06-10 09:00:00', '用户预订了会议室', '192.168.1.102'),
(10, '登录', '2025-06-11 08:00:00', '普通用户登录', '192.168.1.103'),
(11, '预订会议室', '2025-06-11 09:00:00', '用户预订了会议室', '192.168.1.104'),
(12, '登录', '2025-06-12 08:00:00', '普通用户登录', '192.168.1.105'),
(13, '预订会议室', '2025-06-12 09:00:00', '用户预订了会议室', '192.168.1.106'),
(14, '登录', '2025-06-13 08:00:00', '普通用户登录', '192.168.1.107'),
(15, '预订会议室', '2025-06-13 09:00:00', '用户预订了会议室', '192.168.1.108'),
(16, '登录', '2025-06-14 08:00:00', '普通用户登录', '192.168.1.109'),
(17, '预订会议室', '2025-06-14 09:00:00', '用户预订了会议室', '192.168.1.110'),
(18, '登录', '2025-06-15 08:00:00', '普通用户登录', '192.168.1.111'),
(19, '预订会议室', '2025-06-15 09:00:00', '用户预订了会议室', '192.168.1.112'),
(20, '登录', '2025-06-16 08:00:00', '普通用户登录', '192.168.1.113'),
(21, '预订会议室', '2025-06-16 09:00:00', '用户预订了会议室', '192.168.1.114'),
(22, '登录', '2025-06-17 08:00:00', '普通用户登录', '192.168.1.115'),
(23, '预订会议室', '2025-06-17 09:00:00', '用户预订了会议室', '192.168.1.116'),
(24, '登录', '2025-06-18 08:00:00', '普通用户登录', '192.168.1.117'),
(25, '预订会议室', '2025-06-18 09:00:00', '用户预订了会议室', '192.168.1.118'),
(26, '登录', '2025-06-19 08:00:00', '普通用户登录', '192.168.1.119'),
(27, '预订会议室', '2025-06-19 09:00:00', '用户预订了会议室', '192.168.1.120'),
(28, '登录', '2025-06-20 08:00:00', '普通用户登录', '192.168.1.121'),
(29, '预订会议室', '2025-06-20 09:00:00', '用户预订了会议室', '192.168.1.122'),
(30, '登录', '2025-06-21 08:00:00', '普通用户登录', '192.168.1.123'),
(31, '预订会议室', '2025-06-21 09:00:00', '用户预订了会议室', '192.168.1.124');

INSERT INTO Notification (UserID, Status, Timestamp, Message) VALUES
(4, 'Unread', '2025-06-01 09:12:00', '您的会议室预订已确认'),
(5, 'Unread', '2025-06-01 09:22:00', '您的会议室预订已确认'),
(8, 'Unread', '2025-06-10 10:00:00', '您的会议室预订已提交'),
(9, 'Unread', '2025-06-10 10:05:00', '您的会议室预订待审核'),
(10, 'Unread', '2025-06-11 10:00:00', '您的会议室预订已提交'),
(11, 'Unread', '2025-06-11 10:05:00', '您的会议室预订待审核'),
(12, 'Unread', '2025-06-12 10:00:00', '您的会议室预订已提交'),
(13, 'Unread', '2025-06-13 10:05:00', '您的会议室预订待审核'),
(14, 'Unread', '2025-06-14 10:00:00', '您的会议室预订已提交'),
(15, 'Unread', '2025-06-15 10:05:00', '您的会议室预订待审核'),
(16, 'Unread', '2025-06-16 10:00:00', '您的会议室预订已提交'),
(17, 'Unread', '2025-06-17 10:05:00', '您的会议室预订待审核'),
(18, 'Unread', '2025-06-18 10:00:00', '您的会议室预订已提交'),
(19, 'Unread', '2025-06-19 10:05:00', '您的会议室预订待审核'),
(20, 'Unread', '2025-06-20 10:00:00', '您的会议室预订已提交'),
(21, 'Unread', '2025-06-21 10:05:00', '您的会议室预订待审核'),
(22, 'Unread', '2025-06-22 10:00:00', '您的会议室预订已提交'),
(23, 'Unread', '2025-06-23 10:05:00', '您的会议室预订待审核'),
(24, 'Unread', '2025-06-24 10:00:00', '您的会议室预订已提交'),
(25, 'Unread', '2025-06-25 10:05:00', '您的会议室预订待审核'),
(26, 'Unread', '2025-06-26 10:00:00', '您的会议室预订已提交'),
(27, 'Unread', '2025-06-27 10:05:00', '您的会议室预订待审核'),
(28, 'Unread', '2025-06-28 10:00:00', '您的会议室预订已提交'),
(29, 'Unread', '2025-06-29 10:05:00', '您的会议室预订待审核'),
(30, 'Unread', '2025-06-30 10:00:00', '您的会议室预订已提交'),
(31, 'Unread', '2025-07-01 10:05:00', '您的会议室预订待审核');

INSERT INTO MeetingMaterials (BookingID, UserID, Title, FilePath, FileName, FileSize, FileType, UploadTime, Status, Description) VALUES
(1, 4, '2025年Q2项目计划', '/files/meeting_materials/q2_project_plan.pdf', 'q2_project_plan.pdf', 1024000, 'application/pdf', '2025-06-01 13:30:00', 'Active', '2025年第二季度项目计划详情'),
(6, 8, '远程会议PPT', '/files/meeting_materials/remote_meeting.pptx', 'remote_meeting.pptx', 204800, 'application/vnd.openxmlformats-officedocument.presentationml.presentation', '2025-06-10 11:00:00', 'Active', '远程会议演示文稿'),
(7, 9, '头脑风暴记录', '/files/meeting_materials/brainstorm_notes.pdf', 'brainstorm_notes.pdf', 102400, 'application/pdf', '2025-06-10 11:10:00', 'Active', '头脑风暴会议记录'),
(13, 10, '部门例会PPT', '/files/meeting_materials/meeting13.pptx', 'meeting13.pptx', 204800, 'application/vnd.openxmlformats-officedocument.presentationml.presentation', '2025-06-17 11:30:00', 'Active', '部门例会资料'),
(14, 11, '技术分享文档', '/files/meeting_materials/meeting14.pdf', 'meeting14.pdf', 102400, 'application/pdf', '2025-06-18 16:10:00', 'Active', '技术分享资料'),
(21, 18, '年度规划PPT', '/files/meeting_materials/meeting21.pptx', 'meeting21.pptx', 204800, 'application/vnd.openxmlformats-officedocument.presentationml.presentation', '2025-06-25 11:30:00', 'Active', '年度规划资料'),
(22, 19, '预算评审文档', '/files/meeting_materials/meeting22.pdf', 'meeting22.pdf', 102400, 'application/pdf', '2025-06-26 16:10:00', 'Active', '预算评审资料'),
(23, 20, '招聘面试简历', '/files/meeting_materials/meeting23.docx', 'meeting23.docx', 51200, 'application/vnd.openxmlformats-officedocument.wordprocessingml.document', '2025-06-27 11:10:00', 'Active', '面试资料'),
(24, 21, '供应商协议', '/files/meeting_materials/meeting24.pdf', 'meeting24.pdf', 102400, 'application/pdf', '2025-06-28 16:10:00', 'Active', '供应商协议资料'),
(25, 22, '安全培训课件', '/files/meeting_materials/meeting25.pptx', 'meeting25.pptx', 204800, 'application/vnd.openxmlformats-officedocument.presentationml.presentation', '2025-06-29 11:30:00', 'Active', '安全培训资料'),
(26, 23, '绩效考核表', '/files/meeting_materials/meeting26.xlsx', 'meeting26.xlsx', 102400, 'application/vnd.openxmlformats-officedocument.spreadsheetml.sheet', '2025-06-30 16:10:00', 'Active', '绩效考核资料'),
(27, 24, '市场推广方案', '/files/meeting_materials/meeting27.pdf', 'meeting27.pdf', 102400, 'application/pdf', '2025-07-01 11:10:00', 'Active', '市场推广资料'),
(28, 25, '产品发布PPT', '/files/meeting_materials/meeting28.pptx', 'meeting28.pptx', 204800, 'application/vnd.openxmlformats-officedocument.presentationml.presentation', '2025-07-02 16:10:00', 'Active', '产品发布资料'),
(29, 26, '客户答谢名单', '/files/meeting_materials/meeting29.xlsx', 'meeting29.xlsx', 102400, 'application/vnd.openxmlformats-officedocument.spreadsheetml.sheet', '2025-07-03 11:10:00', 'Active', '客户答谢资料'),
(30, 27, '技术评审文档', '/files/meeting_materials/meeting30.pdf', 'meeting30.pdf', 102400, 'application/pdf', '2025-07-04 16:10:00', 'Active', '技术评审资料'),
(31, 28, '年度总结PPT', '/files/meeting_materials/meeting31.pptx', 'meeting31.pptx', 204800, 'application/vnd.openxmlformats-officedocument.presentationml.presentation', '2025-07-05 11:30:00', 'Active', '年度总结资料'),
(32, 29, '团队聚餐照片', '/files/meeting_materials/meeting32.jpg', 'meeting32.jpg', 51200, 'image/jpeg', '2025-07-06 16:10:00', 'Active', '聚餐照片'),
(33, 30, '项目验收报告', '/files/meeting_materials/meeting33.pdf', 'meeting33.pdf', 102400, 'application/pdf', '2025-07-07 11:10:00', 'Active', '项目验收资料'),
(34, 31, '系统升级说明', '/files/meeting_materials/meeting34.docx', 'meeting34.docx', 51200, 'application/vnd.openxmlformats-officedocument.wordprocessingml.document', '2025-07-08 16:10:00', 'Active', '系统升级资料'),
(35, 32, '外部培训课件', '/files/meeting_materials/meeting35.pptx', 'meeting35.pptx', 204800, 'application/vnd.openxmlformats-officedocument.presentationml.presentation', '2025-07-09 11:30:00', 'Active', '外部培训资料'),
(36, 33, '内部竞赛规则', '/files/meeting_materials/meeting36.pdf', 'meeting36.pdf', 102400, 'application/pdf', '2025-07-10 16:10:00', 'Active', '竞赛资料'),
(37, 34, '合作签约协议', '/files/meeting_materials/meeting37.pdf', 'meeting37.pdf', 102400, 'application/pdf', '2025-07-11 11:10:00', 'Active', '签约资料'),
(38, 35, '年度表彰名单', '/files/meeting_materials/meeting38.xlsx', 'meeting38.xlsx', 102400, 'application/vnd.openxmlformats-officedocument.spreadsheetml.sheet', '2025-07-12 16:10:00', 'Active', '表彰资料'),
(39, 36, '政策宣讲PPT', '/files/meeting_materials/meeting39.pptx', 'meeting39.pptx', 204800, 'application/vnd.openxmlformats-officedocument.presentationml.presentation', '2025-07-13 11:30:00', 'Active', '政策宣讲资料'),
(40, 37, '节能减排方案', '/files/meeting_materials/meeting40.pdf', 'meeting40.pdf', 102400, 'application/pdf', '2025-07-14 16:10:00', 'Active', '节能减排资料');
